{
  "random_forest": {
    "model_name": "random_forest",
    "metrics": {
      "mae": 0.05917120114180448,
      "mse": 0.012020938246928903,
      "rmse": 0.10964003943326955,
      "r2": 0.40205544458890574,
      "mape": 339.354136182845,
      "adj_r2": 0.39935185202487666,
      "max_error": 0.7786737896114766,
      "median_ae": 0.03575410950909841,
      "cv_rmse": 21.62423778127406
    },
    "sample_size": 4000
  },
  "gradient_boosting": {
    "model_name": "gradient_boosting",
    "metrics": {
      "mae": 0.054230194827945624,
      "mse": 0.011330969836458711,
      "rmse": 0.10644702831201401,
      "r2": 0.4363757984557679,
      "mape": 341.1157179118252,
      "adj_r2": 0.4338273845829228,
      "max_error": 0.7676204112455062,
      "median_ae": 0.031837882355705505,
      "cv_rmse": 20.99448215476039
    },
    "sample_size": 4000
  },
  "extra_trees": {
    "model_name": "extra_trees",
    "metrics": {
      "mae": 0.060377121589217285,
      "mse": 0.01211407414047536,
      "rmse": 0.11006395477391932,
      "r2": 0.3974226863702468,
      "mape": 337.81424925680875,
      "adj_r2": 0.39469814689641214,
      "max_error": 0.797120715606178,
      "median_ae": 0.0371230989390508,
      "cv_rmse": 21.707846344101327
    },
    "sample_size": 4000
  },
  "ada_boost": {
    "model_name": "ada_boost",
    "metrics": {
      "mae": 0.15233594151793142,
      "mse": 0.030302688254049467,
      "rmse": 0.1740766734920261,
      "r2": -0.5073139120781778,
      "mape": 280.31049751819705,
      "adj_r2": -0.5141291972872728,
      "max_error": 0.711721688924047,
      "median_ae": 0.14482578668220095,
      "cv_rmse": 34.33303562478048
    },
    "sample_size": 4000
  },
  "xgboost": {
    "model_name": "xgboost",
    "metrics": {
      "mae": 0.055890146929744415,
      "mse": 0.011483199069907942,
      "rmse": 0.1071596895754553,
      "r2": 0.42880362401766814,
      "mape": 339.5641207738504,
      "adj_r2": 0.42622097273214143,
      "max_error": 0.7538236379623413,
      "median_ae": 0.03303738206086104,
      "cv_rmse": 21.135039898973325
    },
    "sample_size": 4000
  },
  "lightgbm": {
    "model_name": "lightgbm",
    "metrics": {
      "mae": 0.05490384889278287,
      "mse": 0.01127535971094068,
      "rmse": 0.10618549670713359,
      "r2": 0.43914195290196756,
      "mape": 339.1033444351943,
      "adj_r2": 0.43660604613287324,
      "max_error": 0.7050989543351281,
      "median_ae": 0.03312506397123291,
      "cv_rmse": 20.942900436617226
    },
    "sample_size": 4000
  }
}