{
  "physics_baseline": {
    "description": "Temperature-coefficient only model (-0.4%/\u00b0C from 25\u00b0C STC)",
    "rmse": 0.33997420501835585,
    "mae": 0.3225730908677489,
    "r2": -4.749293548050212,
    "note": "Calculated using module_temperature - shows ML improvement over simple physics"
  },
  "cross_validation_results": {
    "Linear Regression": {
      "mae_mean": 0.05159019081460342,
      "mae_std": 0.0008111492585516408,
      "rmse_mean": 0.10246254327623112,
      "rmse_std": 0.002387748349500179,
      "r2_mean": 0.46722120032421516,
      "r2_std": 0.01962844054027548
    },
    "Ridge": {
      "mae_mean": 0.05158905828440348,
      "mae_std": 0.0008088844107591608,
      "rmse_mean": 0.1024610897408516,
      "rmse_std": 0.0023882448078713934,
      "r2_mean": 0.4672362872697697,
      "r2_std": 0.01963221721131683
    },
    "Elastic Net": {
      "mae_mean": 0.08340393513032321,
      "mae_std": 0.0008976415057814574,
      "rmse_mean": 0.12628243627282396,
      "rmse_std": 0.0015512413077451298,
      "r2_mean": 0.19092954114538235,
      "r2_std": 0.005632191336060738
    },
    "Random Forest": {
      "mae_mean": 0.05516257059595152,
      "mae_std": 0.0006778686367681583,
      "rmse_mean": 0.10423727525306148,
      "rmse_std": 0.002328080225801789,
      "r2_mean": 0.4486203205589524,
      "r2_std": 0.019225968211232576
    },
    "Gradient Boosting": {
      "mae_mean": 0.05284815732777178,
      "mae_std": 0.0007318409233750747,
      "rmse_mean": 0.10324201981013488,
      "rmse_std": 0.0022444971010154636,
      "r2_mean": 0.45908764767074695,
      "r2_std": 0.018755221347023246
    },
    "XGBoost": {
      "mae_mean": 0.05462472096970419,
      "mae_std": 0.0008297303828714441,
      "rmse_mean": 0.10423890026492977,
      "rmse_std": 0.002285305840698113,
      "r2_mean": 0.4486198340972887,
      "r2_std": 0.018466377157825446
    },
    "LightGBM": {
      "mae_mean": 0.0538642729898365,
      "mae_std": 0.0008151435411332055,
      "rmse_mean": 0.10355021878186599,
      "rmse_std": 0.0022549939215318724,
      "r2_mean": 0.4558668760316558,
      "r2_std": 0.01852516822259802
    }
  },
  "final_evaluation": {
    "Linear Regression": {
      "model_name": "Linear Regression",
      "metrics": {
        "mae": 0.05273325674892426,
        "mse": 0.01111646432534969,
        "rmse": 0.10543464480591609,
        "r2": 0.4470457145503858,
        "mape": 340.1357055698291,
        "adj_r2": 0.44690740682516084,
        "max_error": 0.7522234100110972,
        "median_ae": 0.030813263502901644,
        "cv_rmse": 20.794810376321955
      },
      "sample_size": 4000
    },
    "Ridge": {
      "model_name": "Ridge",
      "metrics": {
        "mae": 0.05273247770325364,
        "mse": 0.01111649043506685,
        "rmse": 0.10543476862528248,
        "r2": 0.44704441580290866,
        "mape": 340.1342852565924,
        "adj_r2": 0.44690610775283435,
        "max_error": 0.7521057178944316,
        "median_ae": 0.030786147725696433,
        "cv_rmse": 20.7948347971397
      },
      "sample_size": 4000
    },
    "Elastic Net": {
      "model_name": "Elastic Net",
      "metrics": {
        "mae": 0.08364511429381902,
        "mse": 0.016446183838715142,
        "rmse": 0.12824267557531363,
        "r2": 0.18193522987592037,
        "mape": 352.8363830821727,
        "adj_r2": 0.18173061137413837,
        "max_error": 0.575476434567717,
        "median_ae": 0.05797339727205786,
        "cv_rmse": 25.29322430639217
      },
      "sample_size": 4000
    },
    "Random Forest": {
      "model_name": "Random Forest",
      "metrics": {
        "mae": 0.03939063020359308,
        "mse": 0.006234083630052952,
        "rmse": 0.07895621337205168,
        "r2": 0.689904707270256,
        "mape": 253.10096707292686,
        "adj_r2": 0.6898271446657713,
        "max_error": 0.6216479551131137,
        "median_ae": 0.02266598452539742,
        "cv_rmse": 15.572485572712832
      },
      "sample_size": 4000
    },
    "Gradient Boosting": {
      "model_name": "Gradient Boosting",
      "metrics": {
        "mae": 0.05218780004248669,
        "mse": 0.010521368575140598,
        "rmse": 0.10257372263470113,
        "r2": 0.4766469200866271,
        "mape": 328.4296196709537,
        "adj_r2": 0.4765160163647878,
        "max_error": 0.693401895830722,
        "median_ae": 0.030894821076365153,
        "cv_rmse": 20.230552449894223
      },
      "sample_size": 4000
    },
    "XGBoost": {
      "model_name": "XGBoost",
      "metrics": {
        "mae": 0.04658918881067906,
        "mse": 0.00775530235693527,
        "rmse": 0.08806419452271888,
        "r2": 0.6142363661937129,
        "mape": 273.8584398497113,
        "adj_r2": 0.6141398770406848,
        "max_error": 0.5984566807746887,
        "median_ae": 0.028560703482702815,
        "cv_rmse": 17.36884711296257
      },
      "sample_size": 4000
    },
    "LightGBM": {
      "model_name": "LightGBM",
      "metrics": {
        "mae": 0.0496439336749621,
        "mse": 0.009175973591677603,
        "rmse": 0.09579130227571606,
        "r2": 0.5435694504843372,
        "mape": 305.4623502980568,
        "adj_r2": 0.5434552857645985,
        "max_error": 0.6150014398876938,
        "median_ae": 0.02997729274324329,
        "cv_rmse": 18.892859839299057
      },
      "sample_size": 4000
    }
  },
  "best_model": "Random Forest",
  "n_folds": 5,
  "timestamp": "2025-10-29T17:14:15.310135"
}