Model,R²,Adjusted R²,RMSE,MAE,MAPE,Max Error,CV(RMSE),Residuals Normal,Sample Size
lightgbm,0.43914195290196756,0.43660604613287324,0.10618549670713359,0.05490384889278287,339.1033444351943,0.7050989543351281,20.942900436617226,False,4000
gradient_boosting,0.4363757984557679,0.4338273845829228,0.10644702831201401,0.054230194827945624,341.1157179118252,0.7676204112455062,20.99448215476039,False,4000
xgboost,0.42880362401766814,0.42622097273214143,0.1071596895754553,0.055890146929744415,339.5641207738504,0.7538236379623413,21.135039898973325,False,4000
random_forest,0.40205544458890574,0.39935185202487666,0.10964003943326955,0.05917120114180448,339.354136182845,0.7786737896114766,21.62423778127406,False,4000
extra_trees,0.3974226863702468,0.39469814689641214,0.11006395477391932,0.060377121589217285,337.81424925680875,0.797120715606178,21.707846344101327,False,4000
ada_boost,-0.5073139120781778,-0.5141291972872728,0.1740766734920261,0.15233594151793142,280.31049751819705,0.711721688924047,34.33303562478048,False,4000
